ugonjwa,mahojiano
mafua,"Siwezi kuacha kupiga chafya na pua yangu inatoka kwa kweli. Mimi pia nina baridi sana na uchovu kila wakati, na nimekuwa nikikohoa sana. Homa yangu iko juu sana pia, kama juu ya kawaida."
mafua,"Pua yangu inakimbia sana, na siwezi kuacha kupiga chafya. Kwa kuongezea, mimi huhisi baridi kila wakati, nimechoka, na nimekuwa nikikohoa sana. Homa yangu pia iko juu sana kuliko kawaida."
mafua,"Nimekuwa nikipiga chafya bila kukoma na siwezi kutikisa hali hii ya ubaridi. Ninahisi dhaifu na uchovu, na kikohozi changu hakitaisha. Homa yangu iko juu sana"
mafua,"Nimekuwa nikipiga chafya bila kukoma na siwezi tu kupata ubaridi huu kuondoka. Ninahisi dhaifu na nimechoka, na kikohozi changu hakitaisha. Joto langu ni la juu sana."
mafua,Ninapiga chafya mara kwa mara na mwili wangu unatetemeka kutokana na baridi. Nimechoka sana nashindwa kusogea na kichwa kinaniua. Homa yangu iko kwenye paa
mafua,"Ninapiga chafya mara kwa mara, na ubaridi unafanya mwili wangu kutetemeka. Nimechoka sana hivi kwamba siwezi kusonga, na kichwa kinaniuma. Homa yangu iko juu sana."
mafua,"Nimekuwa nimechoka sana na mgonjwa. Ninapiga chafya bila kukoma na nina baridi sana. Kichwa changu kinapiga, na sina nguvu. Zaidi ya hayo, nina homa kali sana na ninahisi kama nina moto."
mafua,"Nimekuwa nikihisi uchovu na mgonjwa sana. Nimekuwa nikipiga chafya sana na sionekani kupata joto. Nimechoka sana na kichwa kinaniua. Na homa yangu iko juu sana, kana kwamba ninachemka."
mafua,"Nimekuwa nimechoka sana na mgonjwa. Koo langu limekuwa chungu sana, na nimekuwa na kikohozi kibaya sana. Nina baridi nyingi na halijoto ya juu sana. Kuhisi tu kudhoofika sana na dhaifu"
mafua,"Nimekuwa nimechoka sana na mgonjwa. Nimekuwa nikipiga chafya sana na ninatatizika kupata joto. Nimechoka sana, na kichwa kinaniuma. Na ninahisi kama ninachemka na joto langu la juu."
mafua,Siwezi kuacha kupiga chafya na ninahisi uchovu na uchungu sana. Koo langu linauma sana na nina vitu vingi vya bunduki kwenye pua yangu na koo. Shingo yangu inahisi kuvimba na kuvuta pia.
mafua,"Siwezi kuacha kupiga chafya, na nimechoka na mgonjwa. Koo langu halifurahii sana, na kuna takataka nyingi kwenye pua yangu na koo. Shingo yangu pia imevimba na imevimba."
mafua,"Ninaendelea kupiga chafya, na nina huzuni na nimechoka. Nina vitu vingi vya gunky kwenye pua yangu na koo, na koo langu linauma sana. Shingo yangu pia inahisi kuvimba na kuvimba."
mafua,Nimekuwa nikihisi kuishiwa nguvu na kuumwa na tumbo langu. Nimekuwa na kikohozi kibaya sana na koo limeniuma sana. Nimepata shinikizo kubwa la sinus na pua iliyojaa. Sifurahii na nimechoka sana.
mafua,Nimekuwa nikipiga chafya sana na nahisi uchovu na mgonjwa sana. Pia kuna vitu vichafu vinatoka puani mwangu na koo langu linahisi mikwaruzo. Na shingo yangu pia inahisi kuvimba.
mafua,"Nimekuwa nikipumua sana na kwa ujumla ninahisi mgonjwa na nimechoka. Koo langu linahisi kukwaruza, na mambo mengi mabaya yanatoka puani mwangu. Shingo yangu pia inahisi imevimba."
mafua,"Sinuses zangu huhisi msongamano wa ajabu, na macho yangu ni mekundu mfululizo. Mara kwa mara ninahisi uchovu na uchovu. Kwa kuongeza, nina phlegm nyingi zisizo na wasiwasi kwenye koo langu. Node zangu za limfu huhisi kuvimba, na kupumua kumekuwa na changamoto."
mafua,Macho yangu yamekuwa mekundu sana na sinuses zangu zinahisi msongamano. Sina nguvu na koo langu limekuwa likiuma sana. Pia nimeona lymph nodes zangu zimevimba na nimekuwa nikikohoa kohozi nyingi.
mafua,"Sinuses zangu zinahisi kujaa, na macho yangu yamekuwa mekundu kabisa. Ninakosa nguvu, na koo langu limekuwa na mikwaruzo sana. Pamoja na uvimbe kwenye nodi zangu za limfu, pia nimekuwa nikikohoa kohozi nyingi."
mafua,"Macho yangu huwa mekundu na kuwasha kila wakati, na pua yangu inahisi kuwa na msongamano na msongamano. Ninahisi tu mgonjwa na uchovu kila wakati, na ninaendelea kukohoa kila kitu. Koo langu linauma na kukwaruza, na nimegundua kuwa matuta kwenye shingo yangu ni makubwa kuliko kawaida."
mafua,"Pua yangu daima huhisi kujaa na msongamano, na macho yangu huwa mekundu na kuwasha kila wakati. Nina hisia ya kutokuwa sawa na uchovu, na ninaendelea kuvinjari bunduki hii. Nina mikwaruzo, koo iliyowashwa, na nimeona kwamba matuta ya shingo yangu ni makubwa kuliko kawaida."
mafua,"Ninaendelea kupiga chafya, na macho yangu hayaachi kuchuruzika. Ni ngumu sana kwangu kupumua kwa sababu ninahisi kama kuna kitu kimenaswa kwenye koo langu. Mara nyingi mimi huhisi uchovu, na hivi karibuni, nimekuwa na phlegm nyingi. Zaidi ya hayo, nodi zangu za limfu hupanuliwa."
mafua,Macho yangu ni mekundu na majimaji kila wakati. Pia nimekuwa na shinikizo hili katika dhambi zangu ambazo hazitaondoka. Huwa nahisi uchovu na nimekuwa nikipata shida sana kupumua. Pia nimekuwa na gunk nyingi kwenye koo langu na nodi zangu za lymph zimevimba.
mafua,"Macho yangu huwa mekundu na yanatoka mara kwa mara. Mkazo unaoendelea katika sinuses zangu pia umekuwa ukinisumbua. Nimekuwa nikipata shida nyingi kupumua na kuhisi uchovu kila wakati. Kwa kuongeza, nina kamasi nyingi za koo na lymph nodes zilizowaka."
mafua,"Pua yangu inahisi kuziba kabisa, na macho yangu huwa mekundu sana na yanatoka mara kwa mara. Isitoshe, kifua kinaniuma na nimekuwa nikipata matatizo mengi ya kupumua. Kwa kuongeza, misuli yangu huhisi maumivu kabisa, na siwezi kunusa chochote."
mafua,"Macho yangu kawaida ni mekundu na yanatoka maji, na pua yangu huwa imeziba kila wakati. Pia nimekuwa nikipata shida kupumua na kifua kinauma. Kwa kuongezea, siwezi kunusa chochote na misuli yangu inauma sana."
mafua,"Macho yangu huwa mekundu na yamevimba, na nina hisia kwamba kuna kitu kinaziba sinuses zangu. Nimekuwa nikikohoa kwa bunduki nyingi, na kifua kinauma. Siwezi kunusa chochote, na misuli yangu inauma."
mafua,"Macho yangu huwa mekundu na yamevimba kila wakati, na ninahisi kama kuna kitu kinazuia sinuses zangu. Nimekuwa nikikohoa sana na kifua changu kinahisi kizito sana. Siwezi kunusa chochote na misuli yangu inauma sana"
mafua,"Nimekuwa nikikohoa sana na kuhisi baridi na kutetemeka. Pua yangu imeziba kabisa, na ninakabiliwa na shinikizo la uso. Pia nina kohozi nyingi, na kukohoa huumiza kifua changu. Siwezi kunusa chochote, na misuli yangu inauma."
mafua,"Kwa siku nyingi, nimekuwa na kikohozi kibaya na baridi. Sinuses zangu zimefungwa, na nina shinikizo la uso. Pia nimekuwa nikitengeneza phlegm, na kukohoa kunaniumiza kifuani. Siwezi kunusa chochote, na misuli yangu inauma."
mafua,"Nimekuwa na kikohozi kibaya na baridi kwa siku kadhaa. Sinuses zangu zimejaa, na nina shinikizo la uso. Pia nimekuwa nikikohoa kamasi, na inaumiza kifua changu. Siwezi kunusa chochote na misuli yangu inauma."
mafua,"Kikohozi changu na baridi vimekuwa mbaya kwa siku. Sinuses zangu ni msongamano, na uso wangu ni chini ya mkazo. Zaidi ya hayo, nimekuwa nikikohoa phlegm, na huumiza katika kifua changu. Sina hisia ya harufu, na misuli yangu inauma sana."
mafua,"Ninakohoa bila kukoma na ninatetemeka sana. Nina pua iliyoziba na uso wangu una mkazo. Kwa kuongeza, koo langu linakohoa bunduki mbaya, na kifua changu kinauma. Misuli yangu inauma sana, na siwezi kunusa chochote."
mafua,Siwezi kuacha kukohoa na nahisi baridi sana. Sinuses zangu zote zimeziba na nina kamasi nyingi. Kifua kinaniuma na siwezi kunusa chochote. Misuli yangu pia inauma sana.
mafua,"Ninakohoa bila kukoma na nina baridi sana. Utoaji wa kamasi wangu ni mwingi, na sinuses zangu zimefungwa kabisa. Siwezi kunusa chochote, na kifua changu kinauma. Misuli yangu pia inauma sana."
mafua,"Siwezi kuacha kukohoa na ninaganda. Sinuses zangu zimezuiliwa kabisa, na nimefunikwa na mucous. Kifua changu kinauma, na siwezi kunusa chochote. Misuli yangu pia inauma sana."
mafua,"Nimekuwa nikikohoa sana na kupata shida kupumua. Koo langu linaniuma na ninahisi kuwa nina kohozi nyingi kwenye kifua changu. Pua yangu imekuwa ikikimbia sana, na nimekuwa nikihisi msongamano mkubwa."
mafua,"Nimekuwa nimechoka sana na mgonjwa. Koo langu limekuwa chungu sana, na nimekuwa na kikohozi kibaya sana. Nina baridi nyingi na halijoto ya juu sana. Kuhisi tu kudhoofika sana na dhaifu"
mafua,"Nimekuwa nikipata uchovu mwingi na hisia mbaya. Koo langu limekuwa chungu sana na nimekuwa na kikohozi kikali sana. Pua yangu imeziba sana, na nimekuwa na shinikizo kubwa la sinus. Kwa kweli nina huzuni na nimechoka sana."
mafua,Nimekuwa nikihisi mgonjwa sana na nimekuwa na uchovu mwingi. Nimekuwa na kikohozi kibaya sana na koo langu limekuwa chungu sana. Nimekuwa na shinikizo kubwa la sinus na pua yangu imekuwa na msongamano mkubwa. Ninahisi tu kukimbia chini na huzuni.
mafua,"Nimekuwa nimechoka sana na mgonjwa. Koo langu limekuwa chungu sana, na nimekuwa na kikohozi kibaya sana. Nina baridi nyingi na halijoto ya juu sana. Kwa ufupi, ninahisi kudhoofika na kudhoofika."
mafua,Nimekuwa mchovu na mgonjwa sana. Nimekuwa nikisumbuliwa na kikohozi kikali na koo. Nina baridi nyingi na halijoto ya juu sana. Ninahisi tu uchovu na kukimbia chini.
mafua,"Siwezi kuacha kupiga chafya, na pua yangu inakimbia. Pia mimi huwa na baridi kali na nimechoka, na nimekuwa nikikohoa sana. Homa yangu pia iko juu sana, kuliko kawaida."
mafua,"Nimekuwa nikihisi vibaya sana, na msongamano mwingi na pua inayotiririka. Nimekuwa nikikohoa sana na kuwa na maumivu mengi ya kifua. Homa yangu imekuwa juu sana, na nimekuwa nikipata usumbufu mkali wa misuli."
mafua,"Shingo yangu imevimba, na nimechoka. Koo langu lina mikwaruzo, na macho yangu yanawaka nyekundu. Pua yangu imefungwa sana, na nina shinikizo la uso. Kifua changu kinauma, na siwezi kunusa chochote."
mafua,"Ninakosa nguvu na ninahisi kama shingo yangu imevimba. Macho yangu ni mekundu, na koo langu linahisi mikwaruzo. Nina msongamano mkubwa puani mwangu, na uso wangu uko chini ya shinikizo. Siwezi kunusa chochote, na kifua changu kinauma."
mafua,"Ninahisi dhaifu sana, na nodi za lymph zimepanuliwa. Macho yangu yanawaka, na koo langu linauma. Sinuses zangu ziko chini ya mkazo, na pua yangu imejaa. Siwezi kunusa chochote, na kifua changu kinauma."
mafua,"Nimekuwa na kikohozi cha kutisha na baridi kwa siku kadhaa. Uso wangu umechoka na sinuses zangu zimeziba. Kwa kuongeza, kifua changu kinauma kutokana na phlegm ambayo nimekuwa nikikohoa. Siwezi kunusa, na misuli yangu ina maumivu makali."
mafua,"Nina macho mekundu, machozi kila wakati. Sinuses zangu pia zimesumbuliwa na kukazwa mara kwa mara. Kupumua kwangu kumekuwa ngumu sana, na nimekuwa nikihisi kuchoka kila wakati. Node zangu za lymph huwashwa, na pia nina koo nyingi za koo."
mafua,"Mimi huwa na macho ya moto, yenye uvimbe na hisia kwamba kuna kitu kinazuia sinuses zangu. Kifua changu kinahisi kizito sana, na nimekuwa nikikohoa kwa bunduki nyingi. Sina hisia ya harufu, na misuli yangu inauma sana."
allergy,"Nina mafua na ninapiga chafya kila wakati. Macho yangu huwashwa na mara nyingi huwa na maji, na ninakohoa kila wakati. Kichwa changu kinauma na kila wakati"
allergy,Ninaumwa na koo na ninapiga chafya kila wakati. Wakati mwingine nina uvimbe usoni kama midomo yangu na karibu na macho yangu. Siwezi tu kuacha kupiga chafya mara tu ninapoanza kupiga chafya
allergy,Nina ugumu wa kupumua na upungufu wa pumzi. Ninakohoa bila kudhibiti na kupata macho kuwasha na uvimbe kwenye uso wangu na sehemu zingine za mwili
allergy,Nina msongamano wa pua na pua iliyoziba. Wakati mwingine usiku nina maumivu ya kifua na kubana. Pia nimepoteza hisia yangu ya harufu na ladha
allergy,Nina pumu kama dalili kama vile kukohoa na kupumua kwa shida. Mara nyingi mimi hupata homa na maumivu ya kichwa. Ninahisi uchovu kila wakati
allergy,"Ninahisi uchovu kila wakati, nimepoteza ladha yangu na koo linauma sana. Pia mimi hupata homa na mara nyingi huwa na maumivu ya misuli. Wakati mwingine mwili wangu wote unasisimka tu"
allergy,Nimekuwa nikikosa hamu ya kula na nina shida kumeza chakula. Nimekuwa nikisumbuliwa na koo na pua pia.
allergy,"Ninahisi uchovu kila wakati, na kuwa na hisia ya kuwasha kwenye koo langu. Pia nimekuwa na ngozi nyembamba. Wakati mwingine mimi hupata macho ya kuvimba na wakati mwingine hujivuna pia."
allergy,"Nina maumivu ya tumbo, kichefuchefu na kuhara. Koo langu limevimba, na nina shida ya kupumua. Wakati mwingine usiku ninapata maumivu ya kifua na kichefuchefu."
allergy,Nina ngozi na nyekundu. Wakati mwingine haya husababisha kuvimba. Uso na midomo yangu hujivuna na kusababisha usumbufu mwingi. Mimi hupata macho maji wakati mwingine na maumivu ya kichwa wakati puff inakuwa kali
allergy,"Mara nyingi mimi hupiga chafya na kuwa na pua. Macho yangu yana mikwaruzo na yanatoka mara kwa mara, na mimi hukohoa mara kwa mara. Kichwa changu kinaniuma kila mara."
allergy,"Mara nyingi mimi hupiga chafya na kuwa na koo. Midomo yangu na eneo karibu na macho yangu mara kwa mara huvimba. Mara tu ninapoanza kupiga chafya, siwezi kuacha."
allergy,"Nina shida kupumua na kukosa pumzi. Nina kikohozi kikavu, cha kukatika, macho kuwasha, na uvimbe kwenye uso na mwili wangu wote."
allergy,Nina pua iliyoziba na msongamano wa pua. Mara kwa mara mimi hupata ugumu na usumbufu wa kifua usiku. Pia nimepoteza uwezo wangu wa kuonja na kunusa.
allergy,"Ninapata dalili za pumu, kama vile kupumua na matatizo ya kupumua. Mara nyingi nina maumivu ya kichwa na homa. Wakati wote, ninahisi nimechoka."
allergy,"Huwa najihisi nimechoka, nina ladha mbaya, na kuwa na mikwaruzo kwenye koo. Pia nina maumivu ya misuli na joto. Mwili wangu wote unasisimka mara kwa mara."
allergy,"Nimekuwa nikipoteza hamu ya kula, na pia nina shida kumeza. Pua yangu imekuwa ikikimbia, na nina koo."
allergy,Mimi huwa nimechoka kila wakati na nikipata hisia kwenye koo langu. Pia nimeanza kuwa na ngozi kavu. Macho yangu mara kwa mara huvimba
allergy,"Ninahisi kichefuchefu, kichefuchefu na kizunguzungu. Nina uvimbe wa koo na nina matatizo ya kupumua. Mara kwa mara mimi hupata usumbufu wa kifua na kichefuchefu usiku."
allergy,"Ngozi yangu ni nyekundu na ina mikwaruzo. Hizi zinaweza kutetemeka mara kwa mara. Mashavu na midomo yangu huvimba, ambayo inakera sana. Mara kwa mara nina maumivu ya kichwa na macho yanayotoka kwa sababu ya kuvuta pumzi."
allergy,"Mimi hupiga chafya mara kwa mara, na pua yangu inakimbia. Mimi hukohoa kila wakati, na macho yangu yana uchungu na maji. Kichwa changu kinaniuma kila wakati."
allergy,Nina maumivu ya koo na mara kwa mara hupiga chafya. Wakati mwingine ngozi karibu na macho yangu na midomo yangu huvimba. Siwezi kuacha kupiga chafya mara tu ninapoenda.
allergy,"Nina matatizo ya kupumua na uzoefu wa kupumua. Uso wangu na kiwiliwili vimevimba, macho yangu yanawasha, na nina kikohozi kikavu, cha kukatwakatwa."
allergy,"Nina msongamano wa pua na pua iliyoziba. Wakati fulani, wakati wa usiku, nina ugumu na maumivu ya kifua. Zaidi ya hayo, nimepoteza hisia zangu za ladha na harufu."
allergy,"Ninapata maswala ya kupumua na kupumua, ambayo ni dalili za pumu. Mara kwa mara nina homa na maumivu ya kichwa. Ninahisi kuchoka kila wakati."
allergy,"Sikuzote mimi huhisi nimechoka, nina ladha isiyopendeza kinywani mwangu, na koo linauma sana. Misuli yangu pia ni moto na inauma. Wakati mwingine mwili wangu wote unasisimka tu."
allergy,"Pamoja na kupoteza hamu ya kula, nimekuwa nikipata shida za kumeza. Nina koo, na pua yangu imekuwa ikikimbia."
allergy,Huwa najihisi nimechoka na kuwa na tickle kwenye koo langu. Ngozi yangu pia imeanza kuhisi kavu. Mara kwa mara mimi hupata uvimbe wa macho.
allergy,"Nina kizunguzungu, kichefuchefu, na kutetemeka. Ninatatizika kupumua kwani koo langu limevimba. Wakati fulani, usiku kucha, kifua changu kinauma na ninahisi mgonjwa."
allergy,"Ngozi yangu inakera na kuvimba. Wakati mwingine, wanaweza kuwaka. Midomo na mashavu yangu yanapanuka, na kwa kweli haipendezi. Kwa sababu ya kuvuta pumzi, mara kwa mara nina maumivu ya kichwa na macho yenye unyevu."
allergy,"Pua yangu inakimbia na ninapiga chafya sana. Macho yangu yamelowa na kuumia, na ninakohoa kila wakati. Kichwa changu kinaniuma kila mara."
allergy,"Ninapiga chafya sana na kuwa na koo. Midomo yangu na ngozi inayozunguka macho yangu itavimba mara kwa mara. Mara tu ninapoanza, siwezi kuacha kupiga chafya."
allergy,"Nina matatizo ya kupumua na ninaishiwa na pumzi kwa urahisi. Macho yangu yanauma, nina kikohozi kikavu, cha kukatwakatwa, na uso na mwili wangu umevimba."
allergy,Nina pua iliyoziba na msongamano wa pua. Mara kwa mara mimi hupata ugumu na usumbufu wa kifua wakati wa usiku. Pia nimepoteza uwezo wangu wa kunusa na kuonja.
allergy,"Ninapata matatizo ya kupumua na kupumua, ambayo ni dalili za pumu. Mara nyingi nina maumivu ya kichwa na homa. Nimechoka mfululizo."
allergy,"Siku zote ninahisi nimechoka, nina ladha mbaya kinywani mwangu, na koo langu linawaka sana. Pia moto na chungu ni misuli yangu. Mwili wangu wote unaweza kukakamaa nyakati fulani."
allergy,"Nimekuwa nikipoteza hamu ya kula na kupata shida kumeza. Pua yangu imekuwa ikikimbia, na nina koo."
allergy,Huwa napata msisimko kwenye koo langu na kuhisi uchovu. Ngozi yangu imeanza kuwa kavu pia. Nina edema ya jicho mara kwa mara.
allergy,"Ninahisi kutetemeka, mgonjwa, na kutetemeka. Koo langu limepanuka na kufanya iwe vigumu kwangu kupumua. Mara kwa mara kifua changu kinauma usiku kucha, na mara kwa mara mimi huhisi mgonjwa."
allergy,Ngozi yangu imevimba na inauma. Wanaweza kutetemeka mara kwa mara. Inauma sana mashavu na midomo yangu inapovimba. Mara kwa mara mimi hupata maumivu ya kichwa na macho yenye maji mengi kutokana na kuvuta pumzi.
allergy,"Ninapiga chafya sana na pua yangu inakimbia. Macho yangu yanauma na yana unyevunyevu, na mimi hulia mara kwa mara. Kichwa changu kinaniuma kila wakati."
allergy,"Ninaumwa na koo na kupiga chafya nyingi. Kuna wakati ngozi karibu na macho yangu na midomo yangu huvimba. Ninaona kwamba nikianza, siwezi kuacha."
allergy,"Nina shida ya kupumua na kutoka kwa pumzi kwa urahisi. Uso wangu na kiwiliwili vimevimba, macho yangu yanauma, na nina kikohozi kikavu, cha kukatwakatwa."
allergy,"Nina msongamano wa pua na pua iliyoziba. Wakati fulani, wakati wa usiku, nina ugumu na maumivu ya kifua. Pia nimepoteza hisia zangu za ladha na harufu."
allergy,"Ninapata maswala ya kupumua na kupumua, ambayo ni dalili za pumu. Mara kwa mara nina homa na maumivu ya kichwa. Nimechoka kila wakati."
allergy,"Mara nyingi nina uchovu, ladha mbaya mdomoni mwangu, na kuwasha koo. Misuli yangu pia inaungua na haina raha. Wakati fulani ninakuwa na tumbo katika mwili wangu wote."
allergy,"Hamu yangu imepungua, na nimekuwa nikipata shida za kumeza. Nina koo, na pua yangu imekuwa ikikimbia."
allergy,"Koo langu huwa linanisisimka, na nimechoka. Zaidi ya hayo, ngozi yangu imeanza kuhisi kavu. Kuvimba kwa macho mara kwa mara huathiri mimi."
allergy,"Nina kichefuchefu, mgonjwa na ninatetemeka. Nina koo kubwa, ambayo inafanya iwe vigumu kwangu kupumua. Mara kwa mara mimi hupata maumivu ya kifua usiku na mara kwa mara."
allergy,"Ngozi yangu inawasha na kuvimba. Wakati mwingine, wanaweza kuruka. Midomo na mashavu yangu kuvimba inauma sana. Kupumua mara kwa mara hunipa maumivu ya kichwa na macho yanayotiririka."
Pneumonia,"Nimekuwa nikihisi baridi sana na uchovu hivi karibuni, na nimekuwa nikikohoa sana kwa maumivu ya kifua. Moyo wangu unadunda kwa kasi sana pia, na ninapokohoa, kohozi huwa na rangi ya kutu."
Pneumonia,"Nimekuwa nikikohoa sana hivi majuzi kwa maumivu ya kifua na nikihisi baridi na uchovu mwingi. Zaidi ya hayo, moyo wangu unadunda kwa kasi, na phlegm ninayokohoa ina rangi nyekundu."
Pneumonia,"Nimekuwa nikihisi kuishiwa nguvu na baridi, na siwezi kuacha kukohoa. Ninauma kifuani ninapofanya hivyo, na moyo wangu unahisi kama unaenda mbio. Ute ninaokohoa ni rangi ya hudhurungi isiyokolea."
Pneumonia,"Nimekuwa nimechoka na baridi, na siwezi kuacha kukohoa. Ninapofanya hivyo, maumivu kwenye kifua changu na kufanya moyo wangu kwenda mbio. Kikohozi changu cha mucous kina rangi ya hudhurungi ya kuchukiza."
Pneumonia,"Nimekuwa nikipata baridi na kuhisi kuishiwa nguvu, na siwezi kutikisa kikohozi hiki. Kifua changu kinauma ninapokohoa, na moyo wangu unahisi kama unaenda maili milioni kwa saa. Kohozi ninakokohoa ni rangi chafu ya kutu."
Pneumonia,"Nimekuwa nikipata baridi, nikihisi kuchoka, na ninaonekana siwezi kuondoa kikohozi hiki. Ninapokohoa, kifua changu kinauma na moyo wangu unahisi kama unapiga maili milioni kwa saa. Ninakohoa kohozi mbaya la rangi ya kutu."
Pneumonia,"Nimekuwa nikihisi dhaifu na baridi hivi majuzi, na kikohozi hiki hakitaisha. Huuma kifuani ninapokohoa, na moyo wangu unadunda. Kamasi ninayoleta ni rangi ya kahawia yenye kutu."
Pneumonia,"Nimekuwa nikipata baridi na kuhisi nimechoka sana, na kikohozi hiki hakitaisha. Kifua changu kinauma ninapokohoa, na moyo wangu unaenda mbio. Kamasi ninayoleta ni rangi ya hudhurungi isiyofaa."
Pneumonia,"Nimekuwa nikipata baridi, nahisi nimechoka sana, na kikohozi changu hakitaisha. Ninapokohoa, kifua kinaniuma na moyo unapiga kwa nguvu. Ni hue ya hudhurungi ya kuchukiza, mucous ninakuja."
Pneumonia,"Nina homa kali sana, na ninatatizika kupumua. Ninatokwa na jasho jingi na nahisi baridi na uchovu. Moyo wangu unadunda kwa kasi sana, na nina makohozi ya hudhurungi"
Pneumonia,"Nina matatizo ya kupumua na nina homa kali sana. Ninatokwa na jasho sana na ninapata uchovu mwingi na baridi kali. Moyo wangu unaenda mbio, na ninakohoa kamasi ya hudhurungi."
Pneumonia,"Halijoto yangu ni ya juu sana, na nina wakati mgumu kupumua. Ninatokwa na jasho jingi, na ninatetemeka kwa baridi. Nimechoka sana, na moyo wangu unadunda kwa kasi sana. Pia nina kohozi ya hudhurungi inayokuja"
Pneumonia,"Nina shida kupumua, na homa yangu iko juu sana. Nimelowa jasho na kutetemeka kwa baridi. Moyo wangu unadunda kwa kasi, na nimechoka kabisa. Zaidi ya hayo, ninakaribia kuwa na kohozi ya hudhurungi."
Pneumonia,"Homa yangu imepanda sana, na ninatatizika kupata pumzi. Ninatokwa na jasho jingi, nahisi baridi na uchovu, na moyo wangu unapiga haraka sana. Pia nina kohozi ya hudhurungi inayokuja."
Pneumonia,"Nina homa kali sana, na nina matatizo ya kupumua. Moyo wangu unaenda kasi sana, ninatokwa na jasho sana, na ninahisi baridi na uchovu. Pia ninakaribia kukohoa kohozi fulani la hudhurungi."
Pneumonia,"Nimekuwa nikihisi mgonjwa sana kwa homa kali, kukosa pumzi, kutokwa na jasho, baridi kali, na uchovu mwingi. Mapigo ya moyo wangu ni ya haraka, na nimekuwa nikikohoa makohozi mengi ya rangi ya hudhurungi."
Pneumonia,"Kwa halijoto ya juu, upungufu wa kupumua, kutokwa na jasho, baridi, na uchovu mwingi, nimekuwa nikihisi vibaya sana. Nimekuwa nikikohoa sana phlegm ya hudhurungi na mapigo yangu ya moyo yanaenda kasi."
Pneumonia,Nina wakati mgumu sana wa kuvuta pumzi na ninatokwa na jasho jingi. Najisikia kuumwa sana na kuwa na kamasi nyingi kooni. Kifua kinaniuma na moyo unaenda mbio. Kamasi ninakohoa ni giza na inaonekana kama kutu.
Pneumonia,"Ninatokwa na jasho jingi na ninapata tabu kupumua. Ninahisi mgonjwa sana, na koo langu ni mucous sana. Moyo wangu unadunda, na kifua kinauma. Ninakohoa ute mzito unaofanana na kutu."
Pneumonia,"Nina shida sana ya kupumua na sina raha sana. Ninajisikia vibaya na ninatokwa na jasho sana. Kifua kinaniuma na nina kamasi nyingi kooni. Moyo wangu unaenda mbio, na rangi ya kamasi ninayokohoa imezimwa."
Pneumonia,Ninaonekana kukosa hewa ya kutosha na ninatokwa na jasho sana. Sijisikii vizuri na kuna kohozi nyingi kwenye koo langu. Kifua kinaniuma na moyo unaenda mbio. Ute ninaokohoa una rangi nyekundu.
Pneumonia,"Ninatokwa na jasho jingi na sipati hewa ya kutosha. Koo langu limejaa kamasi nyingi, na sijisikii vizuri. Moyo wangu unadunda, na kifua kinauma. Ninakohoa kamasi ya rangi nyekundu."
Pneumonia,Siwezi kupata pumzi yangu na ninatokwa na jasho sana. Ninahisi mgonjwa sana na nina kohozi nyingi kwenye koo langu. Kifua kinaniuma na moyo unaenda mbio. Kamasi ninayokohoa ni ya manjano.
Pneumonia,"Ninatokwa na jasho na ninaonekana kushindwa kupumua. Koo langu limejaa phlegm nyingi, na ninahisi mbaya sana. Moyo wangu unadunda, na kifua kinauma. Ninakohoa kamasi ya hudhurungi."
Pneumonia,Nina wakati mgumu wa kupumua na ninajisikia vibaya sana. Ninatokwa na jasho jingi na kuna kohozi nyingi kwenye koo langu. Kifua kinaniuma na moyo unapiga kwa kasi. Kamasi ninakohoa ni kahawia.
Pneumonia,"Nina shida kupumua na sina raha. Koo langu limejaa kohozi nyingi, na ninatokwa na jasho sana. Moyo wangu unaenda mbio, na kifua kinauma. Ninakohoa ute mwekundu."
Pneumonia,Siwezi kupata pumzi yangu na ninatokwa na jasho sana. Ninahisi mgonjwa sana na nina kohozi nyingi kwenye koo langu. Kifua kinaniuma na moyo unaenda mbio. Ute ninaokohoa ni kahawia na wenye masharti.
Pneumonia,"Ninatokwa na jasho na ninaonekana kushindwa kupumua. Koo langu limejaa phlegm nyingi, na ninahisi mbaya sana. Moyo wangu unadunda, na kifua kinauma. Ninakohoa ute wa nyuzi, wenye hudhurungi."
Pneumonia,"Nimelowa jasho na ninatatizika kupumua. Sijisikii vizuri na nina ute mwingi kooni. Kifua kinauma, na moyo unaenda mbio. Ninakohoa kamasi yenye rangi nyekundu."
Pneumonia,"Nimekuwa nikihisi uchovu mwingi, halijoto ya juu, upungufu wa kupumua, kutokwa na jasho, baridi kali, na uchovu mwingi. Moyo wangu unapiga, na nimekuwa nikikohoa kohozi nyingi za hudhurungi."
Pneumonia,"Nina homa kali sana, na nina matatizo ya kupumua. Moyo wangu unaenda kasi sana, ninatokwa na jasho sana, na ninahisi baridi na uchovu. Pia ninakaribia kukohoa kohozi fulani la hudhurungi."
Pneumonia,"Homa yangu iko juu sana, na nina shida kupumua. Nimelowa jasho na kutetemeka kwa baridi. Nimechoka sana, na moyo wangu unaenda mbio. Pia ninatarajia kohozi la hudhurungi."
Pneumonia,"Nimekuwa nikipata baridi, nahisi uchovu, na siwezi kutikisa kikohozi hiki. Kifua changu kinauma na moyo wangu unahisi kama unaenda mbio kwa maili milioni kwa saa ninapokohoa. Ninakohoa kohozi lenye kutu."
Pneumonia,Nina wakati mgumu wa kupumua na ninajisikia vibaya sana. Ninatokwa na jasho jingi na kuna kohozi nyingi kwenye koo langu. Kifua kinaniuma na moyo unapiga kwa kasi. Kamasi ninakohoa ni kahawia.
Pneumonia,"Nina shida kupumua na sina raha kabisa. Ninatokwa na jasho jingi na kamasi nyingi kooni. Kifua kinauma, na moyo unaenda mbio. Ninakohoa ute mweusi."
Pneumonia,"Nina homa kali na siwezi kupata pumzi yangu. Nimekuwa nikitokwa na jasho jingi na kwa ujumla ninahisi mgonjwa na dhaifu. Pia nimekuwa na kohozi nene na nyeusi. Kifua kinauma, na moyo wangu umekuwa ukinienda mbio kwa kasi."
Pneumonia,"Hivi majuzi nimekuwa nikipata baridi, uchovu, kikohozi, homa kali, na shida ya kupumua. Nimekuwa nikitokwa na jasho jingi na kujihisi mgonjwa na kuishiwa nguvu. Pia nimekuwa na kohozi ambalo limekuwa nene na giza."
Pneumonia,"Hivi majuzi nimekuwa nikiugua baridi, uchovu, kikohozi, joto la juu, na shida ya kupumua. Nimekuwa nikitokwa na jasho jingi na kwa ujumla ninahisi mgonjwa na dhaifu. Pia nimekuwa na kohozi nene na nyeusi."
Pneumonia,"Hivi majuzi nimekuwa nikipata baridi, uchovu, kikohozi, homa kali, na shida ya kupumua. Nimekuwa nikitokwa na jasho jingi na kujihisi mgonjwa na kuishiwa nguvu. Pia nimekuwa na kohozi ambalo limekuwa nene na giza."
Pneumonia,"Hivi majuzi nimekuwa nikiugua baridi, uchovu, kikohozi, joto la juu, na shida ya kupumua. Nimekuwa nikitokwa na jasho jingi na kwa ujumla ninahisi mgonjwa na dhaifu. Pia nimekuwa na phlegm nene na nyekundu."
Pneumonia,"Nimekuwa na baridi, uchovu, kikohozi, joto la juu, na shida ya kupumua hivi majuzi. Nimekuwa nikitokwa na jasho jingi na kwa ujumla ninahisi mgonjwa na dhaifu. Pia nimekuwa na kohozi nene na nyeusi."
Pneumonia,"Nimekuwa na matatizo mengi ya kupumua hivi majuzi pamoja na baridi, uchovu, kikohozi, na joto la juu. Nimekuwa nikitokwa na jasho jingi na kwa ujumla ninahisi mgonjwa na dhaifu. Kifua kinauma, na moyo wangu umekuwa ukinienda mbio kwa kasi."
Pneumonia,"Nimekuwa nikiteseka na baridi, uchovu, na kikohozi hivi karibuni. Nimekuwa nikitokwa na jasho sana na kujisikia vibaya na dhaifu kwa ujumla. Pia nimekuwa na kohozi nene, nyeusi. Kifua kinauma, na moyo umekuwa ukinienda mbio."
Pneumonia,"Ninapata halijoto na siwezi kupata pumzi yangu. Nimekuwa nikitokwa na jasho sana na kujisikia vibaya na dhaifu kwa ujumla. Pia nimekuwa na kohozi nene, nyeusi. Moyo wangu umekuwa ukipiga sana, na kifua changu kinauma."
Pneumonia,"Nimelowa jasho na ninaonekana kushindwa kupumua. Koo langu limefungwa na kamasi, na nina huzuni. Moyo wangu unaenda mbio, na kifua kinauma. Ninakohoa kamasi yenye nyuzi za hudhurungi."
Pneumonia,"Nimeshiba jasho na ninatatizika kupumua. Koo yangu imefungwa na mucous, na sina raha. Moyo wangu unaenda mbio, na kifua kinauma. Ninakohoa ute mweusi wa nyuzi."
Pneumonia,"Nina matatizo mengi ya kupumua. Sijisikii vizuri, na ninatokwa na jasho sana. Nina mucous nyingi kwenye koo langu na kifua changu kinaumiza. Kupumua kwangu kuna taabu, na kohozi ninalokohoa lina rangi isiyo ya kawaida."
Pneumonia,"Nina shida sana kupumua. Sijisikii vizuri, na ninatokwa na jasho sana. Kifua changu kinauma, na nina kamasi nyingi kwenye koo langu. Ninatatizika kupumua, na kohozi ninalokohoa lina rangi ya ajabu."
Pneumonia,"Nimekuwa nikikohoa sana na nahisi baridi sana na nimechoka. Nina homa kali sana, na ni vigumu kwangu kupumua. Nimekuwa nikitokwa na jasho sana na kwa ujumla ninahisi dhaifu na mgonjwa. Nimekuwa na kohozi nene na nyeusi."
Pneumonia,"Hivi majuzi nimekuwa na baridi, uchovu, kikohozi, joto la juu, na matatizo ya kupumua. Nimekuwa nikitokwa na jasho sana na kwa ujumla ninahisi dhaifu na mgonjwa. Nimekuwa na kohozi nene na nyeusi. Moyo wangu umekuwa ukienda kasi sana."
Malaria,"Nimekuwa nikipata kuwashwa sana, baridi, kutapika, na homa kali. Pia ninatokwa na jasho jingi na maumivu ya kichwa. Ninahisi kichefuchefu na misuli yangu inauma sana"
Malaria,"Nimekuwa na joto la juu, kutapika, baridi, na kuwashwa sana. Pia nina maumivu ya kichwa na kutokwa na jasho sana. Nina wasiwasi, na misuli yangu inauma sana."
Malaria,"Kuwashwa sana, baridi, kichefuchefu, na halijoto ya juu imekuwa ikinisumbua. Licha ya kuumwa na kichwa, pia ninatokwa na jasho sana. Misuli yangu inauma sana, na ninahisi mgonjwa."
Malaria,"Pamoja na mikwaruzo yangu mikali, baridi, kichefuchefu, na homa kali, pia nimekuwa nikijisikia vibaya sana. Pamoja na maumivu ya kichwa na kutokwa na jasho kupita kiasi, Misuli yangu inauma sana, na ninajihisi mshituko."
Malaria,"Nimekuwa na homa kali, baridi, na kuwashwa sana. Isitoshe, ninaumwa na kichwa na kutokwa na jasho sana. Misuli yangu inauma sana, na ninahisi mgonjwa."
Malaria,"Nimekuwa na kuwashwa sana mwili mzima, ikifuatana na baridi na kutapika. Homa yangu imepanda sana na nimekuwa nikitokwa na jasho kupita kiasi. Pia nina maumivu ya kichwa na kuhisi kichefuchefu. Misuli yangu inauma sana."
Malaria,"Nimekuwa nikipata kuwashwa sana kwa mwili, baridi, na kutapika. Nina homa kali sana, na nimekuwa nikitokwa na jasho sana. Pia ninahisi kutetemeka na maumivu ya kichwa. Misuli yangu iko kwenye usumbufu mwingi."
Malaria,"Pamoja na kuwashwa sana kwa mwili, baridi, na kichefuchefu, nimekuwa nikiona. Nimekuwa nikitokwa na jasho sana na nina homa kali sana. Ninahisi wasiwasi na pia nina maumivu ya kichwa. Kweli misuli inayoumiza ni mimi."
Malaria,"Nimekuwa nikipata kuwashwa sana kwa mwili, baridi, na kutapika. Nina homa kali sana, na nimekuwa nikitokwa na jasho sana. Pia ninahisi kutetemeka na maumivu ya kichwa. Misuli yangu iko kwenye usumbufu mwingi."
Malaria,"Nimekuwa nikipata kuwashwa sana kwa mwili, pamoja na baridi na kichefuchefu. Nimekuwa nikitokwa na jasho sana na nina homa kali sana. Ninahisi kuumwa na tumbo na maumivu ya kichwa. Misuli yangu inauma sana."
Malaria,"Ninasumbuliwa na kuwashwa sana, baridi, kutapika, na homa kali. Pia nimekuwa nikitokwa na jasho sana na kuumwa na kichwa. Kichefuchefu na maumivu ya misuli pia yamekuwa yakinisumbua."
Malaria,"Nina homa kali, kuwashwa sana, baridi, na kutapika. Pia nina maumivu ya kichwa na nimekuwa nikitokwa na jasho sana. Zaidi ya hayo kuniumiza kumekuwa kichefuchefu na maumivu ya misuli."
Malaria,"Nina joto la juu, kutapika, baridi, na kuwashwa sana. Isitoshe, nimekuwa nikitokwa na jasho sana na kuumwa na kichwa. Pia nimekuwa nikisumbuliwa na kichefuchefu na maumivu ya misuli."
Malaria,"Kuwashwa sana, baridi, kichefuchefu, na homa kali ni sehemu ya hali yangu ya sasa. Mbali na kuumwa na kichwa, nimekuwa nikitokwa na jasho sana. Nimekuwa nikisumbuliwa na kichefuchefu pamoja na maumivu ya misuli."
Malaria,"Nina homa kali, baridi, na kuwashwa sana. Isitoshe, ninaumwa na kichwa na nimekuwa nikitokwa na jasho sana. Pia nimekuwa nikisumbuliwa na kichefuchefu na maumivu ya misuli."
Malaria,"Nina homa kali, kuwashwa sana, baridi, na kutapika. Pia nina maumivu ya kichwa na nimekuwa nikitokwa na jasho sana. Zaidi ya hayo kuniumiza kumekuwa kichefuchefu na maumivu ya misuli."
Malaria,"Nina joto la juu, kutapika, baridi, na kuwashwa sana. Isitoshe, nimekuwa nikitokwa na jasho sana na kuumwa na kichwa. Pia nimekuwa nikisumbuliwa na kichefuchefu na maumivu ya misuli."
Malaria,"Nimekuwa nikipata kuwashwa sana, baridi, kutapika, na homa kali. Pia ninatokwa na jasho jingi na maumivu ya kichwa. Kichefuchefu na maumivu ya misuli pia yamekuwa yakiniletea usumbufu."
Malaria,"Nimekuwa na joto la juu, kutapika, baridi, na kuwashwa sana. Pia nina maumivu ya kichwa na kutokwa na jasho sana. Usumbufu wangu pia umeletwa na kichefuchefu na maumivu ya misuli."
Malaria,"Kuwashwa sana, baridi, kichefuchefu, na halijoto ya juu imekuwa ikinisumbua. Pamoja na kuumwa na kichwa, pia ninatokwa na jasho sana. Pia nimekuwa nikisumbuliwa na kichefuchefu na maumivu ya misuli."
Malaria,"Pamoja na mikwaruzo yangu mikali, baridi, kichefuchefu, na homa kali, pia nimekuwa nikijisikia vibaya sana. Ninaumwa na kichwa na pia ninatokwa na jasho sana. Nimekuwa na wasiwasi kutokana na kichefuchefu na maumivu ya misuli, pia."
Malaria,"Nimekuwa na homa kali, baridi, na kuwashwa sana. Isitoshe, ninaumwa na kichwa na kutokwa na jasho sana. Nimekuwa nikisumbuliwa na kichefuchefu pamoja na maumivu ya misuli."
Malaria,"Nimekuwa na joto la juu, kutapika, baridi, na kuwashwa sana. Pia nina maumivu ya kichwa na kutokwa na jasho sana. Usumbufu wangu pia umeletwa na kichefuchefu na maumivu ya misuli."
Malaria,"Nimekuwa na kuwashwa sana, baridi, kutapika, na homa kali. Pia ninatokwa na jasho jingi na maumivu ya kichwa. Kichefuchefu na maumivu ya misuli yamekuwa yakinifanya nijisikie vibaya."
Malaria,"Nimekuwa nikipata mikwaruzo mingi, baridi, kutapika, na homa. Pia nina maumivu ya kichwa na kutokwa na jasho sana. Nimekuwa mbaya kwa kichefuchefu na maumivu katika misuli yangu."
Malaria,"Nimepata kuwashwa sana, baridi, kichefuchefu, na homa kali. Licha ya kuumwa na kichwa, pia ninatokwa na jasho sana. Nimekuwa mbaya kwa kichefuchefu na maumivu ya misuli."
Malaria,"Nina homa kali, baridi, na kuwashwa sana. Pamoja na maumivu ya kichwa na kutokwa na jasho kupita kiasi, nimekuwa na kichefuchefu na maumivu ya misuli."
Malaria,"Nina homa kali, baridi, na kuwashwa sana. Isitoshe, ninaumwa na kichwa na kutokwa na jasho sana. Nimekuwa nikijisikia vibaya sana kwa kichefuchefu na maumivu ya misuli."
Malaria,"Nimekuwa nikipata kuwashwa sana, baridi, kutapika, na homa kali. Pia ninatokwa na jasho jingi na maumivu ya kichwa. Kichefuchefu na maumivu ya misuli yamekuwa yakiniletea usumbufu mwingi."
Malaria,"Nimekuwa na joto la juu, kutapika, baridi, na kuwashwa sana. Pia nina maumivu ya kichwa na kutokwa na jasho sana. Nimekuwa na wasiwasi sana hivi majuzi kutokana na kichefuchefu na maumivu ya misuli."
Malaria,"Kuwashwa sana, baridi, kichefuchefu, na halijoto ya juu imekuwa ikinisumbua. Licha ya kuumwa na kichwa, pia ninatokwa na jasho sana. Nimekuwa nikisumbuliwa na maumivu makali ya misuli na kichefuchefu."
Malaria,"Pamoja na mikwaruzo yangu mikali, baridi, kichefuchefu, na homa kali, pia nimekuwa nikijisikia vibaya sana. Pamoja na maumivu ya kichwa na kutokwa na jasho kupita kiasi, nimekuwa nikisumbuliwa na maumivu makali ya misuli na kichefuchefu."
Malaria,"Nimekuwa na homa kali, baridi, na kuwashwa sana. Isitoshe, ninaumwa na kichwa na kutokwa na jasho sana. Nimekuwa katika uchungu mwingi kutokana na maumivu ya misuli na kichefuchefu."
Malaria,"Nimekuwa na kuwashwa sana, baridi, kutapika, na homa kali. Pia ninatokwa na jasho jingi na maumivu ya kichwa. Kichefuchefu na maumivu ya misuli pia yamekuwa yakinisumbua."
Malaria,"Nimekuwa nikipata mikwaruzo mingi, baridi, kutapika, na homa. Pia nina maumivu ya kichwa na kutokwa na jasho sana. Zaidi ya hayo kuniumiza kumekuwa kichefuchefu na maumivu ya misuli."
Malaria,"Nimepata kuwashwa sana, baridi, kichefuchefu, na homa kali. Pamoja na kuumwa na kichwa, pia ninatokwa na jasho sana. Pia nimekuwa nikisumbuliwa na kichefuchefu na maumivu ya misuli."
Malaria,"Nina homa kali, baridi, na kuwashwa sana. Ninaumwa na kichwa na pia ninatokwa na jasho sana. Nimekuwa nikisumbuliwa na kichefuchefu pamoja na maumivu ya misuli."
Malaria,"Nimekuwa nikipata kuwashwa sana, baridi, kutapika, na homa kali. Isitoshe, ninaumwa na kichwa na kutokwa na jasho sana. Pia nimekuwa nikisumbuliwa na kichefuchefu na maumivu ya misuli."
Malaria,"Ninaugua kuwashwa sana, baridi, kutapika, na homa kali. Pia nimekuwa nikitokwa na jasho sana na kuumwa na kichwa. Kichefuchefu na maumivu ya misuli pia yamekuwa yakiniletea usumbufu."
Malaria,"Nina homa kali, kuwashwa sana, baridi, na kutapika. Pia nina maumivu ya kichwa na nimekuwa nikitokwa na jasho sana. Usumbufu wangu pia umeletwa na kichefuchefu na maumivu ya misuli."
Malaria,"Nina homa kali, kuwashwa sana, baridi, na kutapika. Isitoshe, nimekuwa nikitokwa na jasho sana na kuumwa na kichwa. Pia nimekuwa nikisumbuliwa na kichefuchefu na maumivu ya misuli."
Malaria,"Kuwashwa sana, baridi, kichefuchefu, na homa kali ni sehemu ya hali yangu ya sasa. Mbali na kuumwa na kichwa, nimekuwa nikitokwa na jasho sana. Nimekuwa na wasiwasi kutokana na kichefuchefu na maumivu ya misuli, pia."
Malaria,"Kuwashwa sana, baridi, kichefuchefu, na homa kali ni sehemu ya hali yangu ya sasa. Isitoshe, ninaumwa na kichwa na nimekuwa nikitokwa na jasho sana. Nimekuwa nikisumbuliwa na kichefuchefu pamoja na maumivu ya misuli."
Malaria,"Nina homa kali, kuwashwa sana, baridi, na kutapika. Pia nina maumivu ya kichwa na nimekuwa nikitokwa na jasho sana. Usumbufu wangu pia umeletwa na kichefuchefu na maumivu ya misuli."
Malaria,"Nimekuwa nikipata kuwashwa sana, baridi, kutapika, na homa kali. Pia ninatokwa na jasho jingi na maumivu ya kichwa. Kichefuchefu na maumivu ya misuli yamekuwa yakinifanya nijisikie vibaya."
Malaria,"Kukuna sana, baridi, kichefuchefu, na joto la juu vimekuwa vikinisumbua. Pia nina maumivu ya kichwa na kutokwa na jasho sana. Nimekuwa mbaya kwa kichefuchefu na maumivu katika misuli yangu."
Malaria,"Pamoja na homa kali, nimekuwa na baridi, kutapika, na kuwashwa sana. Licha ya kuumwa na kichwa, pia ninatokwa na jasho sana. Nimekuwa mbaya kwa kichefuchefu na maumivu ya misuli."
Malaria,"Pamoja na homa kali, nimekuwa na baridi, kutapika, na kuwashwa sana. Pamoja na maumivu ya kichwa na kutokwa na jasho kupita kiasi, nimekuwa nikihisi kichefuchefu na maumivu ya misuli."
Malaria,"Nimekuwa na kuwashwa sana, baridi, kutapika, na homa kali. Pia ninatokwa na jasho jingi na maumivu ya kichwa. Kichefuchefu na maumivu ya misuli pia yamekuwa yakiniletea usumbufu mwingi."
Malaria,"Pia nimepata baridi, kutapika, na kuwashwa sana pamoja na homa kali. Ninatokwa na jasho jingi na ninaumwa na kichwa. Nimekuwa na ugonjwa mbaya wa mwendo na maumivu ya misuli."
Malaria,"Pia nimepata baridi, kutapika, na kuwashwa sana pamoja na homa kali. Pamoja na maumivu ya kichwa na jasho jingi, pia nimekuwa nikipata kichefuchefu na maumivu ya misuli."
Malaria,"Nimekumbana na mikwaruzo mikali, baridi, kichefuchefu, na homa kali. Pia nina maumivu ya kichwa na kutokwa na jasho sana. Mateso yangu pia yameongezeka sana na kichefuchefu na maumivu ya misuli."
Malaria,"Dalili zangu za sasa ni pamoja na homa kali, baridi kali, kuwashwa sana, na kichefuchefu. Pia nimekuwa nikitokwa na jasho sana na kuumwa na kichwa. Maumivu ya misuli na kichefuchefu vimekuwa vikinisumbua."
Malaria,"Ninatapika, nina homa kali, na kuwashwa na baridi kali. Nimekuwa nikitokwa na jasho sana na maumivu ya kichwa pia. Pamoja na kichefuchefu, pia nimekuwa nikipata maumivu ya misuli."
Malaria,"Kukuna sana, baridi, kichefuchefu, na joto la juu vimekuwa vikinisumbua. Pia nina maumivu ya kichwa na kutokwa na jasho sana. Nimekuwa mbaya kwa kichefuchefu na maumivu katika misuli yangu."
Malaria,"Nimekuwa nikiteseka na mikwaruzo mikali, baridi, kichefuchefu, na joto la juu. Pia ninatokwa na jasho jingi na maumivu ya kichwa. Nimekuwa mbaya sana."
Malaria,"Nimekuwa na joto la juu, kutapika, baridi, na kuwashwa sana. Pia ninaumwa na kichwa na kutokwa na jasho jingi. Zaidi ya hayo, nimekuwa nikipata kichefuchefu na maumivu ya misuli."
Malaria,"Nina homa kali, kuwashwa sana, baridi, na kutapika. Pia nina maumivu ya kichwa na nimekuwa nikitokwa na jasho sana. Usumbufu wangu pia umeletwa na kichefuchefu na maumivu ya misuli."
Malaria,"Ninatapika, nina homa kali, na kuwashwa na baridi kali. Nimekuwa nikitokwa na jasho sana na maumivu ya kichwa pia. Pamoja na kichefuchefu, pia nimekuwa nikipata maumivu ya misuli."
Malaria,"Ninatapika, nina homa kali, na kuwashwa na baridi kali. Pia nina maumivu ya kichwa na nimekuwa nikitokwa na jasho sana. Zaidi ya hayo, nimekuwa nikipata kichefuchefu na maumivu ya misuli."
Malaria,"Nina baridi, homa kali, na kuwashwa sana. Pia ninaumwa na kichwa na kutokwa na jasho jingi. Nimepata maumivu makali ya misuli na kichefuchefu."
Malaria,"Nimekuwa nikipata mikwaruzo mingi, baridi, kutapika, na homa. Pia nina maumivu ya kichwa na kutokwa na jasho sana. Zaidi ya hayo kuniumiza kumekuwa kichefuchefu na maumivu ya misuli."
Malaria,"Nimekuwa na homa, baridi, mikwaruzo mingi, na kutapika. Pia ninatokwa na jasho jingi na maumivu ya kichwa. Pia nimekuwa nikipata kichefuchefu na maumivu ya misuli."
Malaria,"Nina homa kali, baridi, na kuwashwa sana. Ninaumwa na kichwa na kutokwa na jasho jingi. Zaidi ya hayo, nimekuwa nikipata kichefuchefu na maumivu ya misuli."
Malaria,"Nina baridi, homa kali, na kuwashwa sana. Pia ninaumwa na kichwa na kutokwa na jasho jingi. Nimepata maumivu makali ya misuli na kichefuchefu."
Malaria,"Nimekuwa nikipata mikwaruzo mingi, baridi, kutapika, na homa. Pia nina maumivu ya kichwa na kutokwa na jasho sana. Zaidi ya hayo kuniumiza kumekuwa kichefuchefu na maumivu ya misuli."
Malaria,"Nimekuwa na homa, baridi, mikwaruzo mingi, na kutapika. Pia ninatokwa na jasho jingi na maumivu ya kichwa. Pia nimekuwa nikipata kichefuchefu na maumivu ya misuli."
Malaria,"Nina homa kali, baridi, na kuwashwa sana. Ninaumwa na kichwa na kutokwa na jasho jingi. Zaidi ya hayo, nimekuwa nikipata kichefuchefu na maumivu ya misuli."
Malaria,"Nimekuwa na homa, baridi, mikwaruzo mingi, na kutapika. Pia ninatokwa na jasho jingi na maumivu ya kichwa. Kichefuchefu changu na maumivu ya misuli yamekuwa ya kutisha."
Malaria,"Nina homa kali, baridi, na kuwashwa sana. Ninatokwa na jasho jingi na ninaumwa na kichwa. Nimekuwa na ugonjwa mbaya wa mwendo na maumivu ya misuli."
Malaria,"Ninahisi kuwashwa, kutetemeka, na homa. Pamoja na maumivu ya kichwa na jasho lisiloweza kudhibitiwa, pia nimekuwa na kichefuchefu na maumivu ya misuli."
Malaria,"Ninahisi kuwashwa, kutetemeka, na homa. Pia ninaumwa na kichwa na kutokwa na jasho jingi. Nimekuwa nikipata kichefuchefu kali na maumivu ya misuli."
Malaria,"Pia nimekuwa nikijisikia kuumwa sana, na mikwaruzo mikali, baridi, kichefuchefu, na homa kali. Ninatokwa na jasho jingi na maumivu ya kichwa. Nimepata kichefuchefu na maumivu ya misuli."
Malaria,"Nina baridi, homa kali, na kuwashwa sana. Pia ninaumwa na kichwa na kutokwa na jasho jingi. Maumivu ya misuli na kichefuchefu vimekuwa vikinisumbua."
Malaria,"Nina baridi, homa, kutapika, na kuwashwa sana. Pia ninatokwa na jasho jingi na maumivu ya kichwa. Pamoja na kichefuchefu, pia nimekuwa nikipata maumivu ya misuli."
Malaria,"Nimekuwa nikipata mikwaruzo mingi, baridi, kutapika, na homa. Pia nina maumivu ya kichwa na kutokwa na jasho sana. Nimekuwa nikihisi kutetemeka na kuwa na maumivu ya misuli."
Malaria,"Ninatapika, nahisi baridi, na nina joto la juu la mwili. Pia nina maumivu ya kichwa na nimekuwa nikitokwa na jasho sana. Zaidi ya hayo, nimekuwa nikipata kichefuchefu na maumivu ya misuli."
Malaria,"Nimekuwa na joto la juu, kutapika, baridi, na kuwashwa sana. Pia nina maumivu ya kichwa na kutokwa na jasho sana. Usumbufu wangu pia umeletwa na kichefuchefu na maumivu ya misuli."
Malaria,"Nina baridi, homa, kutapika, na kuwashwa sana. Pia ninatokwa na jasho jingi na maumivu ya kichwa. Pamoja na kichefuchefu, pia nimekuwa nikipata maumivu ya misuli."
Malaria,"Nimekuwa nikiteseka na kuwashwa sana, baridi, kichefuchefu, na joto la juu. Ninaumwa na kichwa na kutokwa na jasho jingi. Zaidi ya hayo, nimekuwa nikipata kichefuchefu na maumivu ya misuli."
Malaria,"Nina homa kali, kuwashwa sana, baridi, na kutapika. Pia nina maumivu ya kichwa na nimekuwa nikitokwa na jasho sana. Zaidi ya hayo kuniumiza kumekuwa kichefuchefu na maumivu ya misuli."
Malaria,"Ninatapika, nina homa kali, na kuwashwa na baridi kali. Nimekuwa nikitokwa na jasho sana na maumivu ya kichwa pia. Pia nimekuwa nikipata kichefuchefu na maumivu ya misuli."
Malaria,"Ninatapika, nahisi baridi, na nina joto la juu la mwili. Pia nina maumivu ya kichwa na nimekuwa nikitokwa na jasho sana. Zaidi ya hayo, nimekuwa nikipata kichefuchefu na maumivu ya misuli."
Malaria,"Dalili zangu za sasa ni pamoja na homa kali, baridi kali, kuwashwa sana, na kichefuchefu. Nimekuwa nikitokwa na jasho sana na maumivu ya kichwa. Maumivu ya misuli na kichefuchefu vyote vimenisumbua."
Malaria,"Nimekuwa nikipata baridi, mwili kuwashwa sana, na kichefuchefu. Nina homa kali sana na nimekuwa nikitokwa na jasho sana. Pia nina maumivu ya kichwa na ninahisi mgonjwa. Nina misuli inayouma sana."
Malaria,"Kuwashwa kupindukia kwa mwili, baridi, na kutapika kumekuwa kukiniandama. Nimekuwa nikitokwa na jasho sana na nina homa kali sana. Kwa kuongeza, mimi hupata maumivu ya kichwa na kujisikia mgonjwa. Misuli yangu iliniuma hadi kuniuma sana."
Malaria,"Pamoja na baridi na kichefuchefu, mwili wangu umekuwa ukiuma sana. Nina homa kali sana na nimekuwa nikitokwa na jasho sana. Nilipata maumivu ya kichwa na hisia mbaya tumboni mwangu. Misuli yangu ina maumivu makali."
Malaria,"Nimekuwa na joto la juu, kutapika, baridi, na kuwashwa sana. Pia nina maumivu ya kichwa na kutokwa na jasho sana. Nina wasiwasi, na misuli yangu inauma sana."
Malaria,"Nina baridi, homa, kutapika, na kuwashwa sana. Pia ninatokwa na jasho jingi na maumivu ya kichwa. Misuli yangu iliniuma sana, na nina kizunguzungu."
Malaria,"Nimekuwa nikiteseka na kuwashwa sana, baridi, kichefuchefu, na joto la juu. Ninatokwa na jasho jingi na ninaumwa na kichwa. Ninahisi mgonjwa, na misuli yangu inauma sana."
Malaria,"Pia nimekuwa nikijisikia kuumwa sana, na mikwaruzo mikali, baridi, kichefuchefu, na homa kali. Misuli yangu inauma sana, ninatokwa na jasho jingi, na maumivu ya kichwa juu ya hayo."
Malaria,"Nina baridi, homa kali, na kuwashwa sana. Pia ninaumwa na kichwa na kutokwa na jasho jingi. Najisikia vibaya kabisa na misuli yangu inauma sana."
Malaria,"Nimekuwa nikipata kuwashwa sana kwa mwili, baridi, na kutapika. Nina homa kali sana, na nimekuwa nikitokwa na jasho sana. Pia ninahisi kutetemeka na maumivu ya kichwa."
Malaria,"Nimekuwa nikipata kuwashwa sana kwa mwili, baridi, na kutapika. Nina homa kali sana, na nimekuwa nikitokwa na jasho sana. Pia ninahisi kutetemeka na maumivu ya kichwa. Misuli yangu iko kwenye usumbufu mwingi."
Malaria,"Kuwashwa kupindukia kwa mwili, baridi, na kutapika kumekuwa kukiniandama. Nimekuwa nikitokwa na jasho sana na nina homa kali sana. Kwa kuongeza, mimi hupata maumivu ya kichwa na kujisikia mgonjwa. Misuli yangu iliniuma hadi kuniuma sana."
Malaria,"Nimekuwa nikipata baridi, mwili kuwashwa sana, na kichefuchefu. Nina homa kali sana na nimekuwa nikitokwa na jasho sana. Pia nina maumivu ya kichwa na ninahisi mgonjwa. Nina misuli inayouma sana."
Malaria,"Nimekuwa nikiteseka na kuwashwa sana, baridi, kichefuchefu, na joto la juu. Ninatokwa na jasho jingi na ninaumwa na kichwa. Nimekuwa nikipata kichefuchefu kali na usumbufu wa misuli."
Malaria,"Pia nimekuwa nikijisikia kuumwa sana, na mikwaruzo mikali, baridi, kichefuchefu, na homa kali. Pamoja na maumivu ya kichwa na jasho lisiloweza kudhibitiwa, pia nimekuwa na maumivu makali ya misuli na kichefuchefu."
Malaria,"Ninatetemeka, homa, na mikwaruzo kwelikweli. Mbali na maumivu ya kichwa na kutokwa na jasho lisilodhibitiwa, pia nimekuwa nikipata kichefuchefu na maumivu makali ya misuli."
Typhoid,"Nina kuvimbiwa na maumivu ya tumbo, na imekuwa haifurahishi sana. Maumivu ya tumbo yamekuwa yakiongezeka na yanaanza kuathiri maisha yangu ya kila siku. Zaidi ya hayo, mimi hupata baridi kila usiku, ikifuatwa na homa kidogo."
Typhoid,"Pia nimekuwa na kuhara, ambayo imekuwa mbaya sana. Imekuwa ikija na kuondoka, na imekuwa ikiambatana na maumivu ya tumbo na uvimbe."
Typhoid,"Nimekuwa nikipata baridi na homa, pamoja na maumivu makali ya tumbo. Nimekuwa nikijisikia vibaya sana kwa ujumla, na siwezi kabisa kutikisa dalili hizi."
Typhoid,Nimekuwa nikipata shida sana kuweka maji kwa sababu ya kutapika na kuhara. Kuna homa kali pamoja na kuvimbiwa na maumivu ya kichwa
Typhoid,"Nimepungua uzito sana katika wiki iliyopita kwa sababu sijaweza kula sana kutokana na kichefuchefu na kutapika. Hii inafuatiwa na homa kidogo, maumivu ya kichwa na maumivu ya tumbo. Ninajali sana afya yangu."
Typhoid,"Uchovu umekuwa wa kusumbua sana, na nimepata shida nyingi kufanya shughuli zangu za kawaida. Pia nimekuwa nikihisi huzuni na hasira sana. Kuna maumivu kidogo katika sehemu ya tumbo."
Typhoid,"Nimekuwa na maumivu ya kichwa mfululizo kwa wiki iliyopita, na imekuwa ikizidi kuwa mbaya. Imefuatana na maumivu ya tumbo, kuvimbiwa na kuhara."
Typhoid,"Nimekuwa nikipata homa kali, haswa usiku. Imekuwa vibaya sana. Kuna maumivu ya kichwa kidogo pamoja na kuvimbiwa na kuhara."
Typhoid,"Nimekuwa nikipata shida sana kupumua, na ninahisi kama nina kichefuchefu kila wakati. Pia nina maumivu ya tumbo kidogo. Imekuwa ya kutisha wakati fulani."
Typhoid,"Kuhara kumekuwa na majimaji na harufu mbaya sana, na kumeambatana na maumivu ya tumbo. Ninahisi kutapika mara nyingi."
Typhoid,"Nimekuwa nikipata shida sana kulala kwa sababu ya homa kali, maumivu ya kichwa na baridi. Ninaamka kila siku nikiwa na maumivu makali kwenye eneo la tumbo langu."
Typhoid,"Pia nimekuwa nikipata kuhara na kuvimbiwa, ambayo imekuwa ya wasiwasi sana. Ninahisi kama maumivu makali, ya kuchomwa kwenye eneo la tumbo langu. Ninahisi uchovu kila wakati."
Typhoid,"Nimekuwa na kuvimbiwa na maumivu ya tumbo, ambayo yamekuwa ya kusumbua sana. Maumivu yamekuwa yakiongezeka na yanaathiri sana maisha yangu ya kila siku."
Typhoid,"Ninakabiliwa na maumivu mengi ya tumbo na kuvimbiwa, ambayo imekuwa ya kuudhi sana. Wakati mwingine, ninahisi hamu kubwa ya kutapika, na kwa sababu ya haya yote, ninahisi dhaifu sana."
Typhoid,"Maumivu ya tumbo yamekuwa yakija na kuondoka, na yamekuwa hayafurahishi sana. Imefuatana na kuvimbiwa na kutapika. Ninahisi kujali sana afya yangu."
Typhoid,"Nimekuwa nikipitia bloating nyingi na kuvimbiwa, na imekuwa haifurahishi sana. Ninahisi kama kuna shinikizo na maumivu mengi katika eneo la tumbo langu."
Typhoid,"Ninapata maumivu makali ya tumbo na kuvimbiwa. Kila usiku, nina homa kali pamoja na baridi na maumivu ya kichwa. Siku chache zilizopita zimekuwa zisizofurahi sana."
Typhoid,"Nimekuwa nikihisi nimechoka na dhaifu, na siwezi kuonekana kuiondoa. Kwa sababu ya kutapika na kichefuchefu, nimepoteza kabisa hamu ya kula. Maumivu yangu ya tumbo ambayo yananiletea wasiwasi."
Typhoid,"Ninakabiliwa na kuvimbiwa na maumivu ya tumbo, ambayo imekuwa ngumu sana. Usumbufu umezidi kuwa mbaya, na unaingilia sana maisha yangu ya kila siku."
Typhoid,"Kwa sababu ya kutapika na kuhara, nimekuwa nikipata shida nyingi za kukaa bila maji. Nina homa kali, pamoja na kuvimbiwa na maumivu ya kichwa."
Typhoid,Maumivu ya tumbo yamekuwa ya mara kwa mara na yenye uchungu sana. Kuvimbiwa na kutapika pia kumetokea. Nina wasiwasi sana kuhusu afya yangu.
Typhoid,"Nina maumivu makali ya tumbo na kuvimbiwa. Kila usiku, mimi hupata maumivu ya kichwa na baridi. Siku chache zilizopita zimekuwa chungu sana."
Typhoid,Kuna maumivu tofauti katika sehemu yangu ya tumbo. Sina hakika ni nini. Pia ninatapika mara kwa mara na kuhisi kichefuchefu.
Typhoid,"Kuhara kumekuwa na majimaji na harufu nzuri, na kumeambatana na maumivu makali ya tumbo na maumivu ya kichwa. Mara nyingi, nahisi kutapika."
Typhoid,"Nimekuwa na homa kwa siku kadhaa zilizopita. Sasa, ninaanza kupata maumivu makali katika eneo la tumbo langu na kuteseka kutokana na kuvimbiwa."
Typhoid,"Ninapata kichefuchefu na kutapika sana, na imekuwa vigumu kwangu kula chochote. Nimepoteza kabisa hamu ya kula, na kwa sababu hiyo, nimekuwa dhaifu sana."
Typhoid,"Ninatatizika sana kulala kwa sababu ya homa kali na maumivu ya kichwa. Zaidi ya hayo, nina maumivu ya tumbo mara kwa mara, kwa sababu ambayo siwezi kwenda kufanya kazi."
Typhoid,"Nimekuwa nikihisi uchovu na mnyonge sana, na siwezi kuonekana kuiondoa. Nina homa kidogo na maumivu ya ajabu katika eneo langu la tumbo. Sielewi kinachoendelea."
Typhoid,"Nimekuwa nikisumbuliwa na kuvimbiwa na usumbufu wa tumbo, ambayo imekuwa ikinisumbua sana. Jana usiku, nilikuwa na homa kidogo pia."
Typhoid,"Pia nimekuwa nikisumbuliwa na ugonjwa wa kuhara, ambao umekuwa wa wasiwasi sana. Inakuja na kuondoka, na inaambatana na maumivu ya tumbo na kutapika."
Typhoid,"Nimekuwa nikipata baridi, homa, na usumbufu mwingi wa tumbo. Kwa ujumla nimekuwa sina furaha, na siwezi kuonekana kuondoa dalili hizi."
Typhoid,"Kwa sababu ya kutapika na kuhara, nimekuwa nikipata shida nyingi za kukaa bila maji. Kuna homa kali, pia, pamoja na maumivu ya tumbo."
Typhoid,"Nimepata ugonjwa wa kuhara. Inafuatana na maumivu makali katika eneo la tumbo langu. Sijisikii kula chochote, na mara nyingi, nina maumivu ya kichwa kidogo."
Typhoid,"Nimekuwa na uvimbe mwingi na kuvimbiwa, ambayo imekuwa ikiumiza sana. Kuna shinikizo nyingi na maumivu katika eneo la tumbo langu. Ninapata homa kali na baridi kila usiku."
Typhoid,"Nimekuwa na maumivu ya tumbo kwa wiki iliyopita, na hayaponi hata kwa kutumia dawa. Ninahisi kutapika na siwezi kula chochote, na kwa sababu hiyo nimekuwa dhaifu sana."
Typhoid,Nina maumivu makali ya tumbo na kuhara. Nina homa kali pamoja na maumivu ya kichwa. Siku kadhaa zilizopita zimekuwa mbaya sana.
Typhoid,"Nina maumivu makali kwenye sehemu yangu ya tumbo, na nimekuwa nikihisi kichefuchefu. Pia nina homa kidogo. Nina wasiwasi sana."
Typhoid,"Ninakabiliwa na kuvimbiwa na maumivu ya tumbo. Usumbufu umezidi kuwa mbaya, na unaingilia sana maisha yangu ya kila siku. Ninahisi kama nimepoteza hamu ya kula chochote."
Typhoid,"Mara nyingi ninahisi uchovu. Sitaki kula chochote. Ninapata homa kali na baridi kila usiku. Aidha, nimekuwa nikitapika tangu jana."
Typhoid,"Nimepoteza hamu ya kula na nimeona kupoteza uzito kwa kiasi kikubwa. Nina maumivu ya tumbo, haswa katika eneo la tumbo na matumbo. Nina wasiwasi kuhusu afya yangu."
Typhoid,Usumbufu wa tumbo umekuwa mkali na mara kwa mara. Kutapika na kuvimbiwa pia kumetokea. Nina wasiwasi kuhusu afya yangu.
Typhoid,Nimekuwa nikiharisha na nimekuwa na kinyesi kisicho na maji mara kadhaa kwa siku. Nimepoteza hamu ya kula na kuhisi kichefuchefu kila wakati. Ninaanza kupata homa kidogo pia.
Typhoid,"Ninahisi dhaifu kabisa. Ninasumbuliwa sana na tumbo na kuvimbiwa, jambo ambalo linanisumbua sana. Nina hamu kubwa ya kutapika nyakati fulani, na kwa sababu hiyo, siwezi kula chochote."
Typhoid,"Kuna maumivu ya ajabu katika eneo la tumbo langu. Sijui sababu ya hii ni nini. Zaidi ya hayo, ninaanza kupata homa kidogo pamoja na baridi na maumivu ya kichwa."
Typhoid,"Nimekuwa na homa kali, haswa usiku. Imekuwa haipendezi kabisa. Kuna maumivu ya kichwa kidogo, pamoja na kuvimbiwa na kuhara. Sijisikii kula chochote."
Typhoid,"Nimekuwa nikipata shida sana kukaa na maji kwa sababu ya kutapika na kuhara. Nina homa kali, kuvimbiwa, na maumivu ya kichwa. Pia ninaanza kupata maumivu ya ajabu kwenye eneo la tumbo na siwezi kufanya chochote cha kimwili."
Typhoid,"Nimekuwa nikipata maumivu ya kichwa kwa wiki iliyopita ambayo imekuwa ikizidi kuwa mbaya. Imekuwa ikifuatana na maumivu ya tumbo, kuvimbiwa, na kuhara. Sijui kinachoendelea na nina wasiwasi nacho."
Typhoid,"Nimepungua uzito sana katika wiki iliyopita kwa sababu sikuweza kula sana kutokana na kichefuchefu na kutapika. Hii inafuatwa na homa kali, maumivu ya kichwa, na maumivu ya tumbo."
Typhoid,"Ninaharisha na kuvimbiwa, jambo ambalo limenisumbua sana. Katika tumbo langu, kuna maumivu makali, yenye uchungu. Ninachoka kila wakati na sijisikii kula chochote."
Typhoid,"Nimekuwa nikiharisha na kinyesi kisicho na maji mara nyingi kwa siku. Nimepoteza hamu ya kula na huwa mgonjwa kila wakati. Pia ninapata homa kidogo. Pia, sehemu yangu ya tumbo inauma sana. Sijui sababu ya haya yote ni nini."
Typhoid,"Kwa sababu ya ugonjwa na kutapika, sikuweza kula sana katika wiki iliyopita, ambayo ilinifanya nipunguze uzito mwingi. Homa kali, maumivu ya kichwa, na usumbufu wa tumbo hufuatana na hii."
Typhoid,Kuvimbiwa na kuhara kidogo nimekuwa nikipata kumekuwa na hali ya kutotulia. Nina maumivu makali na yenye uchungu ndani ya tumbo langu. Mimi huwa na njaa lakini sina hamu ya kula chochote.
Typhoid,"Nimekuwa nikipata magonjwa ya kuhara mara kwa mara na kinyesi kisicho na maji. Sina afya kila wakati na nimepoteza hamu yangu ya kula. Pia naanza kuwa na homa kidogo. Zaidi ya hayo, tumbo langu la chini huumiza sana. Sina hakika kwa nini kila moja yao inatokea."
Typhoid,"Nimepata homa kali, haswa usiku. Hakika imekuwa balaa. Mbali na kuhara na kuvimbiwa, kuna maumivu ya kichwa kidogo. Sina hamu ya kula chochote."
Typhoid,"Kutapika na kuhara kumefanya iwe vigumu sana kwangu kukaa na maji. Nina maumivu ya kichwa, homa kali, na kuvimbiwa. Pia ninaanza kuumwa na tumbo, na siwezi kusonga."
Typhoid,"Kwa wiki iliyopita, nimekuwa nikipata maumivu ya kichwa ambayo yamezidi kuwa mbaya. Kuvimbiwa, kuhara, na maumivu ya tumbo pia yamekuwepo. Sijui kinachoendelea, na nina wasiwasi sana."
Typhoid,"Ninahisi kuchoka wakati mwingi. Sina hamu ya chakula. Kila usiku nina joto la juu na baridi. Kwa kuongeza, nimekuwa nikitupa tangu jana."
Typhoid,Nimeona kupoteza uzito kwa kiasi kikubwa na kupoteza njaa. Tumbo langu na utumbo ni mahali ambapo nina maumivu zaidi katika tumbo langu. Kujali kuhusu ustawi wangu.
Typhoid,Kumekuwa na maumivu makali ya tumbo na ya kudumu. Kuvimbiwa na kutapika pia kumetokea. Kujali kwa ustawi wangu.
Typhoid,"Nimekuwa nikipata kinyesi kisicho na maji mara nyingi kwa siku, pamoja na kuhara. Sijisikii kula na huwa nahisi mgonjwa. Ninaanza kuwa na homa kidogo pia"
Typhoid,"Hata na dawa, usumbufu wa tumbo ambao nimekuwa nao kwa wiki iliyopita hauondoki. Nataka kutapika lakini siwezi kula chochote, ambayo imenifanya kuwa dhaifu sana."
Typhoid,Ninapata maumivu makali ya tumbo na kuhara. Pia nina maumivu ya kichwa na homa kali. Siku chache zilizopita zimekuwa mbaya sana.
Typhoid,"Nimekuwa nikihisi kichefuchefu sana na nina maumivu makali kwenye tumbo langu la chini. Kwa kuongeza, nina homa kidogo. Nina wasiwasi sana."
Typhoid,"Kuvimbiwa na maumivu ya tumbo vyote viwili vipo kwangu. Maisha yangu ya kila siku yameathiriwa sana na usumbufu, ambao umezidi kuwa mbaya. Tamaa yangu ya kula chochote inaonekana kutoweka."
Typhoid,"Pamoja na homa, baridi, na usumbufu mkali wa tumbo. Hali yangu ya jumla imeshuka moyo, na siwezi kuonekana kuondoa dalili hizi."
Typhoid,"Nimekuwa nikipata shida sana kukaa na maji kwa sababu ya kutapika na kuhara. Pamoja na maumivu ya tumbo, pia kuna homa kidogo."
Typhoid,"Nimeanza kuharisha. Inafuatana na usumbufu wa tumbo. Ninaumwa na kichwa kidogo mara nyingi, na sijisikii kula chochote."
Typhoid,Kuvimbiwa na kuvimbiwa vyote vimekuwa vikinisumbua sana. Eneo la tumbo langu ni chini ya shinikizo na uchungu mwingi. Kila usiku nina joto la juu na baridi.
Typhoid,"Homa kali na maumivu ya kichwa vinanizuia kulala vizuri sana. Aidha, ninapata maumivu ya tumbo yanayoendelea ambayo yananizuia kwenda kazini."
Typhoid,"Nimekuwa nikipitia uchovu mwingi na udhaifu, na siwezi kuonekana kuitingisha. Nina homa kidogo na maumivu yasiyoelezeka kwenye tumbo langu. Sijui nini kinaendelea."
Typhoid,Kuvimbiwa na usumbufu wa tumbo umekuwa haufurahishi sana hivi karibuni. Pia nilikuwa na homa kidogo jana usiku.
Typhoid,"Zaidi ya hayo, nimekuwa na kuhara, ambayo imekuwa chungu sana. Kutapika na maumivu ya tumbo pia kuna, na huja na kwenda."
Typhoid,"Sehemu yangu ya chini ya tumbo ni wazi katika usumbufu. Asili yake haijulikani kwangu. Kwa kuongeza, ninaendelea kutupa na ninahisi wasiwasi."
Typhoid,"Pamoja na usumbufu mkali wa tumbo na maumivu ya kichwa, kuhara kumekuwa na maji na harufu nzuri. Ninataka kutapika mara nyingi."
Typhoid,"Siku chache zilizopita, nimekuwa na homa. Kwa sasa sijisikii vizuri katika eneo la tumbo langu na kuvimbiwa."
Typhoid,"Imekuwa changamoto kwangu kula chochote kwa sababu ninahisi kichefuchefu na kutapika sana. Nimepoteza kabisa hamu ya kula, na kwa sababu hiyo, nimepoteza nguvu nyingi."
Typhoid,"Kuvimbiwa na usumbufu wa tumbo kumekuwa changamoto sana kwangu hivi majuzi. Maisha yangu ya kila siku yameathiriwa sana na usumbufu, ambao umezidi kuwa mbaya."
Typhoid,"Nimekuwa nikipata shida sana kukaa na maji kwa sababu ya kutapika na kuhara. Pia nina maumivu ya kichwa, kuvimbiwa, na homa kali."
Typhoid,"Maumivu ndani ya tumbo yangu yamekuwa makali na ya kudumu. Zaidi ya hayo, kutapika na kuvimbiwa kumetokea. Kujali kuhusu afya yangu, ninaogopa."
Typhoid,Kuvimbiwa na maumivu makali ya tumbo vyote vinanisumbua. Ninapata baridi na maumivu ya kichwa kila usiku. Imekuwa chungu sana hivi karibuni.
Typhoid,"Usumbufu wa tumbo umekuwa wa kusumbua sana na umekuwa wa vipindi. Kutapika na kuvimbiwa pia kumekuwepo. Ninajali kuhusu afya yangu, bila shaka."
Typhoid,Imekuwa haifurahishi kwangu kuwa na uvimbe mwingi na kuvimbiwa. Ninahisi shinikizo nyingi na maumivu kwenye tumbo la chini.
Typhoid,"Kuvimbiwa na usumbufu mkali wa tumbo zote zipo ndani yangu. Ninapata homa kali, baridi, na maumivu ya kichwa kila usiku. Imekuwa ya kusikitisha sana siku chache zilizopita."
Typhoid,"Nimekuwa nikipitia udhaifu na uchovu, na siwezi kuonekana kuitingisha. Nimepoteza hamu ya kula kwa sababu ya kichefuchefu na kutapika. Maumivu ya tumbo yananitia wasiwasi sasa hivi."
Typhoid,"Homa kali, maumivu ya kichwa, na baridi zimekuwa zikinizuia usiku. Kila asubuhi, mimi hupata maumivu makali ya tumbo ninapoamka mara ya kwanza."
Typhoid,"Zaidi ya hayo, nimekuwa nikiharisha na kuvimbiwa, ambayo imekuwa ikisumbua sana. Katika tumbo la chini, ninahisi kama maumivu makali ya kuchomwa. Wakati wote, ninahisi nimechoka."
Typhoid,"Kuvimbiwa na maumivu ya tumbo imekuwa ngumu sana kwangu. Maisha yangu ya kila siku yameathiriwa sana na maumivu, ambayo yamekuwa mabaya zaidi."
Typhoid,"Kuvimbiwa na maumivu ya tumbo vyote vinanisumbua sana hivi sasa. Mara kwa mara mimi hupata hamu kubwa ya kutupa, na kwa sababu hiyo, ninahisi dhaifu sana."
Typhoid,"Maumivu ya kichwa ambayo nimekuwa nikipata kwa wiki iliyopita yanazidi kuwa mbaya. Maumivu ya tumbo, kuhara, na kuvimbiwa pia yamekuwepo."
Typhoid,"Nimekuwa na joto la juu hivi karibuni, haswa usiku. Kweli wasiwasi, lazima niseme. Pamoja na kuhara na kuvimbiwa, kuna maumivu ya kichwa kidogo."
Typhoid,"Nimekuwa nikipata shida sana kupumua, na pia ninahisi wasiwasi kwa ujumla. Pia ninapata maumivu kidogo ya tumbo. Mara kwa mara imekuwa ya kutisha."
Typhoid,"Maumivu ya tumbo na kuhara maji mengi, yenye harufu mbaya vyote vimekuwepo. Mara nyingi, nataka kutupa."
Typhoid,"Kutapika na kuhara kumefanya iwe vigumu sana kwangu kukaa na maji. Joto kidogo, kuvimbiwa, na maumivu ya kichwa pia hupo."
Typhoid,"Kwa sababu ya kichefuchefu na kutapika, sikuweza kula sana katika wiki iliyopita, ambayo imenifanya nipungue sana. Homa kidogo, maumivu ya kichwa, na maumivu ya tumbo hufuatana na hili. Afya yangu ni kitu ambacho kinanisumbua sana."
Typhoid,"Nimeona ni vigumu sana kufanya shughuli zangu za kawaida kwa sababu ya uchovu. Zaidi ya hayo, nimekuwa nikihisi chini kabisa na kuwashwa. Kwa kuongeza, kuna maumivu kidogo ya tumbo."
Typhoid,"Maumivu ya kichwa ambayo nimekuwa nikipata kwa wiki iliyopita yanazidi kuwa mbaya. Maumivu ya tumbo, kuhara, na kuvimbiwa pia yamekuwepo."
Typhoid,"Kuvimbiwa na maumivu ya tumbo vyote vimenifanya nisiwe na raha. Maisha yangu ya kila siku yameanza kuathiriwa na maumivu makali ya tumbo. Zaidi ya hayo, kila usiku mimi huamka na baridi na homa kidogo."
Typhoid,"Zaidi ya hayo, nimepata kuhara, ambayo imekuwa haifurahishi sana. Maumivu ya tumbo na bloating yamekuwapo pamoja nayo kwani imekuja na kuondoka."
Typhoid,"Pamoja na homa kali na maumivu makali ya tumbo, nimekuwa nikihisi baridi. Kwa ujumla, nimekuwa nikijisikia vibaya sana, na siwezi kabisa kuondoa dalili hizi"
HIV,"Nimekuwa nikipata athari za mara kwa mara na zisizoelezeka, kama vile mizinga au kuwasha. Ni chanzo cha usumbufu na wasiwasi."
HIV,"Nimekuwa nikihisi uchovu mwingi na dhaifu, hata kwa kupumzika vya kutosha. Ni vigumu kushiriki katika shughuli niliyokuwa nikifurahia."
HIV,"Nimeona mabadiliko katika hisia yangu ya kunusa, pamoja na kupungua kwa uwezo wa kutambua harufu fulani. Ni jambo ambalo sijapata uzoefu hapo awali."
HIV,"Nimekuwa nikikabiliwa na matatizo ya muda mrefu ya meno, kama vile matundu au ugonjwa wa fizi. Inaathiri afya yangu ya kinywa na kusababisha usumbufu."
HIV,"Nimekuwa nikipata shida kudhibiti hisia zangu, kubadilika-badilika au kuhisi kutokuwa thabiti kihisia."
HIV,Nimegundua mabadiliko katika muundo wa nywele zangu au kuongezeka kwa umwagaji wa nywele. Nywele zangu hazionekani zenye afya kama zamani.
HIV,Nimekuwa nikihisi uchovu mwingi na kuwa na shida ya kuamka asubuhi. Ni ngumu kupata nguvu ya kuanza siku yangu.
HIV,"Nimekuwa nikiugua magonjwa ya mara kwa mara na yasiyoelezeka, kama vile sinusitis au bronchitis. Inachukua muda mrefu kwangu kupona kutokana na magonjwa."
HIV,Nimekuwa nikipata maumivu ya muda mrefu ya koo au koo. Inaathiri uwezo wangu wa kuzungumza waziwazi.
HIV,"Nimekuwa nikipata athari za mara kwa mara na zisizoelezeka, kama vile mizinga au kuwasha. Ni chanzo cha usumbufu na wasiwasi."
HIV,"Nimekuwa nikihisi uchovu mwingi na dhaifu, hata kwa kupumzika vya kutosha. Ni vigumu kushiriki katika shughuli niliyokuwa nikifurahia."
HIV,"Nimeona mabadiliko katika hisia yangu ya kunusa, pamoja na kupungua kwa uwezo wa kutambua harufu fulani. Ni jambo ambalo sijapata uzoefu hapo awali."
HIV,"Nimekuwa nikikabiliwa na matatizo ya muda mrefu ya meno, kama vile matundu au ugonjwa wa fizi. Inaathiri afya yangu ya kinywa na kusababisha usumbufu."
HIV,"Nimekuwa nikipata shida kudhibiti hisia zangu, kubadilika-badilika au kuhisi kutokuwa thabiti kihisia."
HIV,Nimegundua mabadiliko katika muundo wa nywele zangu au kuongezeka kwa umwagaji wa nywele. Nywele zangu hazionekani zenye afya kama zamani.
HIV,Nimekuwa nikihisi uchovu mwingi na kuwa na shida ya kuamka asubuhi. Ni ngumu kupata nguvu ya kuanza siku yangu.
HIV,"Nimekuwa nikiugua magonjwa ya mara kwa mara na yasiyoelezeka, kama vile sinusitis au bronchitis. Inachukua muda mrefu kwangu kupona kutokana na magonjwa."
HIV,Nimekuwa nikipata maumivu ya muda mrefu ya koo au koo. Inaathiri uwezo wangu wa kuzungumza waziwazi.
HIV,"Nimekuwa nikipata athari za mara kwa mara na zisizoelezeka, kama vile mizinga au kuwasha. Ni chanzo cha usumbufu na wasiwasi."
HIV,"Nimekuwa nikihisi uchovu mwingi na dhaifu, hata kwa kupumzika vya kutosha. Ni vigumu kushiriki katika shughuli niliyokuwa nikifurahia."
HIV,"Nimeona mabadiliko katika hisia yangu ya kunusa, pamoja na kupungua kwa uwezo wa kutambua harufu fulani. Ni jambo ambalo sijapata uzoefu hapo awali."
HIV,"Nimekuwa nikikabiliwa na matatizo ya muda mrefu ya meno, kama vile matundu au ugonjwa wa fizi. Inaathiri afya yangu ya kinywa na kusababisha usumbufu."
HIV,"Nimekuwa nikipata shida kudhibiti hisia zangu, kubadilika-badilika au kuhisi kutokuwa thabiti kihisia."
HIV,Nimegundua mabadiliko katika muundo wa nywele zangu au kuongezeka kwa umwagaji wa nywele. Nywele zangu hazionekani zenye afya kama zamani.
HIV,Nimekuwa nikihisi uchovu mwingi na kuwa na shida ya kuamka asubuhi. Ni ngumu kupata nguvu ya kuanza siku yangu.
HIV,"Nimekuwa nikiugua magonjwa ya mara kwa mara na yasiyoelezeka, kama vile sinusitis au bronchitis. Inachukua muda mrefu kwangu kupona kutokana na magonjwa."
HIV,Nimekuwa nikipata maumivu ya muda mrefu ya koo au koo. Inaathiri uwezo wangu wa kuzungumza waziwazi.
HIV,"Nimekuwa nikipata athari za mara kwa mara na zisizoelezeka, kama vile mizinga au kuwasha. Ni chanzo cha usumbufu na wasiwasi."
HIV,"Nimekuwa nikihisi uchovu mwingi na dhaifu, hata kwa kupumzika vya kutosha. Ni vigumu kushiriki katika shughuli niliyokuwa nikifurahia."
HIV,"Nimeona mabadiliko katika hisia yangu ya kunusa, pamoja na kupungua kwa uwezo wa kutambua harufu fulani. Ni jambo ambalo sijapata uzoefu hapo awali."
HIV,"Nimekuwa nikikabiliwa na matatizo ya muda mrefu ya meno, kama vile matundu au ugonjwa wa fizi. Inaathiri afya yangu ya kinywa na kusababisha usumbufu."
HIV,"Nimekuwa nikipata shida kudhibiti hisia zangu, kubadilika-badilika au kuhisi kutokuwa thabiti kihisia."
HIV,Nimegundua mabadiliko katika muundo wa nywele zangu au kuongezeka kwa umwagaji wa nywele. Nywele zangu hazionekani zenye afya kama zamani.
HIV,Nimekuwa nikihisi uchovu mwingi na kuwa na shida ya kuamka asubuhi. Ni ngumu kupata nguvu ya kuanza siku yangu.
HIV,"Nimekuwa nikiugua magonjwa ya mara kwa mara na yasiyoelezeka, kama vile sinusitis au bronchitis. Inachukua muda mrefu kwangu kupona kutokana na magonjwa."
HIV,Nimekuwa nikipata maumivu ya muda mrefu ya koo au koo. Inaathiri uwezo wangu wa kuzungumza waziwazi.
HIV,"Nimekuwa nikipata athari za mara kwa mara na zisizoelezeka, kama vile mizinga au kuwasha. Ni chanzo cha usumbufu na wasiwasi."
HIV,"Nimekuwa nikihisi uchovu mwingi na dhaifu, hata kwa kupumzika vya kutosha. Ni vigumu kushiriki katika shughuli niliyokuwa nikifurahia."
HIV,"Nimeona mabadiliko katika hisia yangu ya kunusa, pamoja na kupungua kwa uwezo wa kutambua harufu fulani. Ni jambo ambalo sijapata uzoefu hapo awali."
HIV,"Nimekuwa nikikabiliwa na matatizo ya muda mrefu ya meno, kama vile matundu au ugonjwa wa fizi. Inaathiri afya yangu ya kinywa na kusababisha usumbufu."
HIV,"Nimekuwa nikipata shida kudhibiti hisia zangu, kubadilika-badilika au kuhisi kutokuwa thabiti kihisia."
HIV,Nimegundua mabadiliko katika muundo wa nywele zangu au kuongezeka kwa umwagaji wa nywele. Nywele zangu hazionekani zenye afya kama zamani.
HIV,Nimekuwa nikihisi uchovu mwingi na kuwa na shida ya kuamka asubuhi. Ni ngumu kupata nguvu ya kuanza siku yangu.
HIV,"Nimekuwa nikiugua magonjwa ya mara kwa mara na yasiyoelezeka, kama vile sinusitis au bronchitis. Inachukua muda mrefu kwangu kupona kutokana na magonjwa."
HIV,Nimekuwa nikipata maumivu ya muda mrefu ya koo au koo. Inaathiri uwezo wangu wa kuzungumza waziwazi.
HIV,Nimekuwa nikipata shida kudhibiti joto la mwili wangu. Ninahisi joto au baridi kupita kiasi bila sababu dhahiri.
HIV,"Nimeona mabadiliko katika hisia yangu ya ladha, pamoja na ladha ya chakula tofauti au ya kufurahisha kidogo. Inaathiri hamu yangu na starehe ya milo."
HIV,Nimekuwa nikipata maumivu ya muda mrefu ya tumbo na usumbufu. Ni maumivu ya mara kwa mara ambayo huathiri hamu yangu na usagaji chakula.
HIV,Nimekuwa nikihisi kuzidiwa na kupata ugumu wa kukabiliana na mafadhaiko ya kila siku. Inaathiri ustawi wangu wa kiakili.
HIV,"Nimegundua mabadiliko katika muundo wangu wa kucha, na matuta, dents, au shimo. Ni jambo ambalo sijaona hapo awali."
HIV,Nimekuwa nikipata shida katika kusawazisha na kuratibu. Ninahisi kutokuwa thabiti kwa miguu yangu na nina hatari kubwa ya kuanguka.
